country_code_a3,name,year,post_paris,co2_mt,ch4_mt,n2o_mt,percent_growth_per_year
CAN,Canada,1970,0,358.161875,2.697012451171875,.1012393798828125,2.9187131
CAN,Canada,1971,0,365.81971875,2.720001220703125,.1045999450683594,4.0188451
CAN,Canada,1972,0,383.0700625,2.88652978515625,.1065436706542969,5.51967
CAN,Canada,1973,0,402.01653125,3.0646865234375,.1184246215820313,6.7286415
CAN,Canada,1974,0,410.09225,3.024832763671875,.1232202911376953,3.3577759
CAN,Canada,1975,0,400.24865625,2.9820234375,.1131523056030273,1.5454034
CAN,Canada,1976,0,413.39721875,2.92798388671875,.1206712112426758,5.889276
CAN,Canada,1977,0,427.906,2.930424560546875,.1326924591064453,3.5348265
CAN,Canada,1978,0,431.06409375,2.915027099609375,.1448786468505859,3.7359765
CAN,Canada,1979,0,445.22403125,3.022744140625,.1400769958496094,3.7251995
CAN,Canada,1980,0,450.4584375,3.015610107421875,.1350762329101562,2.1771991
CAN,Canada,1981,0,431.80121875,3.013638916015625,.1288023529052734,3.4150653
CAN,Canada,1982,0,413.8016875,2.990968994140625,.1300292510986328,-3.1661503
CAN,Canada,1983,0,407.45146875,2.973517333984375,.1618252258300781,2.5622535
CAN,Canada,1984,0,426.80590625,3.083410888671875,.1551520843505859,5.8985696
CAN,Canada,1985,0,426.67746875,3.1277197265625,.1354380187988281,4.7376809
CAN,Canada,1986,0,416.60778125,3.149775634765625,.1225356063842773,2.1214809
CAN,Canada,1987,0,429.34546875,3.205809814453125,.1302086944580078,4.0720158
CAN,Canada,1988,0,460.3670625,3.34362646484375,.1298909454345703,4.4108391
CAN,Canada,1989,0,475.4978125,3.427423828125,.1505579376220703,2.3373299
CAN,Canada,1990,0,440.50090625,3.358111328125,.1516927795410156,.20294787
CAN,Canada,1991,0,434.5525,3.446789794921875,.141478271484375,-2.0910552
CAN,Canada,1992,0,447.31815625,3.61238525390625,.1412979278564453,.89046615
CAN,Canada,1993,0,446.666,3.7281240234375,.1479108428955078,2.657707
CAN,Canada,1994,0,463.88578125,3.87638916015625,.1628579559326172,4.4940491
CAN,Canada,1995,0,475.94275,4.0420283203125,.1620945587158203,2.6823282
CAN,Canada,1996,0,489.86815625,4.1682080078125,.1624906158447266,1.6889613
CAN,Canada,1997,0,505.6429375,4.30409765625,.1377419128417969,4.2801666
CAN,Canada,1998,0,513.847875,4.336794921875,.135313232421875,3.8928866
CAN,Canada,1999,0,523.4445625,4.36942431640625,.1343154907226563,5.1410036
CAN,Canada,2000,0,543.107625,4.47332373046875,.1316248931884766,5.1385393
CAN,Canada,2001,0,534.3755625,4.52126318359375,.128474853515625,1.8750981
CAN,Canada,2002,0,554.066,4.5738369140625,.1285423889160156,2.9992554
CAN,Canada,2003,0,573.6827500000001,4.56859521484375,.1316802825927735,1.8063852
CAN,Canada,2004,0,559.7484375,4.67160595703125,.1284618225097656,3.0923638
CAN,Canada,2005,0,582.3075,4.67014697265625,.1285839538574219,3.2104545
CAN,Canada,2006,0,574.697375,4.7457666015625,.1317707214355469,2.6379437
CAN,Canada,2007,0,594.6474375,4.68776708984375,.1333444366455078,2.0499046
CAN,Canada,2008,0,575.417875,4.6255244140625,.1308660125732422,.99540633
CAN,Canada,2009,0,542.7914375,4.421869140625,.1277828216552734,-2.9150863
CAN,Canada,2010,0,562.109875,4.45514599609375,.1298682708740234,3.0908062
CAN,Canada,2011,0,575.7826875,4.509498046875,.1359533843994141,3.1371944
CAN,Canada,2012,0,567.1840625,4.6252978515625,.1398848724365234,1.7556612
CAN,Canada,2013,0,575.214875,4.678455078125,.1428035888671875,2.3258135
CAN,Canada,2014,0,580.3198125,4.8305703125,.1428000335693359,2.8734667
CAN,Canada,2015,0,574.3793125,4.79242041015625,.1422652587890625,.64997101
CAN,Canada,2016,1,574.09825,4.676544921875,.1400298004150391,1.038551
CAN,Canada,2017,1,591.893,4.7338203125,.1454295349121094,3.0338349
CAN,Canada,2018,1,612.583625,4.7707060546875,.14783544921875,2.7429636
CAN,Canada,2019,1,609.0758125,4.73327392578125,.1522418670654297,1.9084319
CAN,Canada,2020,1,548.445375,4.22054833984375,.1512320861816406,-5.0382333
CAN,Canada,2021,1,561.734375,4.3299326171875,.1449108581542969,5.9505281
CAN,Canada,2022,1,575.8351875,4.4337294921875,.1505635528564453,4.1890364
CAN,Canada,2023,1,567.096875,4.4851923828125,.1564155731201172,1.5287455
CAN,Canada,2024,1,577.972625,4.58236376953125,.1543181915283203,1.5280811
CHN,China,1970,0,911.50125,24.12861328125,.4453317565917969,19.299999
CHN,China,1971,0,914.940375,25.04585546875,.4548232421875,7.0599999
CHN,China,1972,0,975.430875,25.547859375,.4673160705566407,3.8099999
CHN,China,1973,0,1015.1823125,26.008919921875,.4783479309082031,7.7600002
CHN,China,1974,0,1032.7301875,26.30142578125,.4597411804199219,2.3099999
CHN,China,1975,0,1184.119375,27.257029296875,.4899324035644531,8.7200003
CHN,China,1976,0,1232.1465,27.557591796875,.512530029296875,-1.5700001
CHN,China,1977,0,1385.042875,28.1734609375,.56571337890625,7.5700002
CHN,China,1978,0,1560.941875,28.933556640625,.612432861328125,11.325978
CHN,China,1979,0,1598.873375,29.296041015625,.6497513427734375,7.5913248
CHN,China,1980,0,1564.73675,29.3161796875,.6960787353515625,7.8341451
CHN,China,1981,0,1550.623875,29.298423828125,.6750379638671875,5.112761
CHN,China,1982,0,1620.845,30.0605234375,.6982090454101563,9.0592842
CHN,China,1983,0,1705.597,30.83171875,.7407235107421875,10.72737
CHN,China,1984,0,1858.54475,31.732193359375,.7859356689453125,15.232561
CHN,China,1985,0,1878.472,31.828091796875,.7621397094726563,13.435474
CHN,China,1986,0,1994.730375,32.619291015625,.7733724365234375,8.9350653
CHN,China,1987,0,2133.27475,33.3922109375,.87137255859375,11.628222
CHN,China,1988,0,2293.57925,34.03110546875,.9171742553710938,11.222595
CHN,China,1989,0,2372.091,35.3825625,.944508056640625,4.2063346
CHN,China,1990,0,2414.27625,36.27639453125,.9824803466796875,3.9416306
CHN,China,1991,0,2550.1985,35.94232421875,1.003821716308594,9.361702
CHN,China,1992,0,2669.78825,35.68799609375,1.025566528320313,14.299611
CHN,China,1993,0,2890.1815,35.237125,1.00997216796875,13.929078
CHN,China,1994,0,3046.92,35.65929296875,1.049372192382813,13.072709
CHN,China,1995,0,3365.775,37.1784765625,1.206153442382812,11.032812
CHN,China,1996,0,3340.2565,37.7243046875,1.263669677734375,9.9762001
CHN,China,1997,0,3437.3195,35.83130859375,1.17894580078125,9.2876463
CHN,China,1998,0,3522.0335,36.0017734375,1.215777709960937,7.9207921
CHN,China,1999,0,3447.771,36.10124609375,1.25635546875,7.7370028
CHN,China,2000,0,3647.87725,36.306734375,1.2445791015625,8.5864325
CHN,China,2001,0,3825.058,36.29169921875,1.2360224609375,8.3126392
CHN,China,2002,0,4133.073,36.2626796875,1.310964721679688,9.2433929
CHN,China,2003,0,4773.108,37.46572265625,1.329935302734375,10.118193
CHN,China,2004,0,5496.262,39.74558203125,1.413093872070313,10.131408
CHN,China,2005,0,6235.685,41.23444921875,1.463641845703125,11.458239
CHN,China,2006,0,6922.874,42.85422265625,1.55020654296875,12.674675
CHN,China,2007,0,7522.003,43.47455859375,1.549336059570313,14.149985
CHN,China,2008,0,7752.2235,44.060265625,1.515075439453125,9.6702461
CHN,China,2009,0,8319.164000000001,44.82702734375,1.495243041992188,9.4026995
CHN,China,2010,0,9106.004999999999,46.64299609375,1.44651708984375,10.596272
CHN,China,2011,0,9955.748,49.753578125,1.52214501953125,9.4613361
CHN,China,2012,0,10270.741,50.01069140625,1.545668212890625,7.8561745
CHN,China,2013,0,10760.43,50.22437890625,1.559435424804688,7.7787242
CHN,China,2014,0,10881.104,50.496828125,1.48459228515625,7.4619002
CHN,China,2015,0,10749.897,50.66380859375,1.513614013671875,6.9787798
CHN,China,2016,1,10773.726,49.245703125,1.457786865234375,6.7755556
CHN,China,2017,1,10999.419,49.7651015625,1.400376586914063,6.8912663
CHN,China,2018,1,11527.512,50.592078125,1.4266962890625,6.7567182
CHN,China,2019,1,11813.058,50.45611328125,1.460494750976562,6.0685024
CHN,China,2020,1,11964.129,50.63205859375,1.461081909179688,2.3401885
CHN,China,2021,1,12551.865,51.26816015625,1.490233032226562,8.5700855
CHN,China,2022,1,12518.684,50.8993671875,1.53115087890625,3.1341889
CHN,China,2023,1,13021.242,51.4371171875,1.585605712890625,5.4148431
CHN,China,2024,1,13124.728,51.2942734375,1.598556640625,4.9773564
DEU,Germany,1970,0,1084.11875,5.8324931640625,.2591254272460938,5.1031446
DEU,Germany,1971,0,1077.003125,5.78362646484375,.2585663452148437,3.1326997
DEU,Germany,1972,0,1104.9335,5.642802734375,.2579195556640625,4.3003411
DEU,Germany,1973,0,1157.36975,5.59795556640625,.2688852844238281,4.7774868
DEU,Germany,1974,0,1122.162375,5.61450634765625,.2668194580078125,.89006871
DEU,Germany,1975,0,1060.22825,5.57340478515625,.2614484558105469,-.86673892
DEU,Germany,1976,0,1122.588625,5.557103515625,.2641381225585938,4.9492583
DEU,Germany,1977,0,1101.090125,5.48322119140625,.2586615600585938,3.347218
DEU,Germany,1978,0,1138.955,5.52352978515625,.2655228576660156,3.0084929
DEU,Germany,1979,0,1189.107125,5.6386884765625,.2702552185058594,4.1503634
DEU,Germany,1980,0,1135.22025,5.68665185546875,.2653446655273438,1.4088286
DEU,Germany,1981,0,1099.568,5.68715185546875,.2615090026855469,.52924055
DEU,Germany,1982,0,1053.70975,5.6043369140625,.2519549865722656,-.39484078
DEU,Germany,1983,0,1069.229375,5.45068505859375,.2583978576660156,1.5724101
DEU,Germany,1984,0,1085.415,5.38542138671875,.2656686401367188,2.8229477
DEU,Germany,1985,0,1085.998125,5.48200390625,.2533002166748047,2.3279352
DEU,Germany,1986,0,1079.857625,5.39244580078125,.2466115112304688,2.2873392
DEU,Germany,1987,0,1071.914,5.24371142578125,.2500472259521485,1.4021516
DEU,Germany,1988,0,1065.62075,5.1562294921875,.2519908905029297,3.7072356
DEU,Germany,1989,0,1050.43325,5.14052490234375,.2616841125488281,3.8965516
DEU,Germany,1990,0,1012.7015625,5.0144287109375,.24903955078125,5.2550063
DEU,Germany,1991,0,991.7193125,4.79875341796875,.2545183868408203,5.1082616
DEU,Germany,1992,0,937.793,4.5489326171875,.2450499572753906,2.0141842
DEU,Germany,1993,0,929.32725,4.36571044921875,.2341968536376953,-.97330368
DEU,Germany,1994,0,915.249375,4.20353564453125,.2479912872314453,2.597585
DEU,Germany,1995,0,910.4733125,4.157787109375,.235541259765625,1.5054058
DEU,Germany,1996,0,939.3545625,4.03366796875,.2431788940429687,1.0381558
DEU,Germany,1997,0,907.482375,3.889958251953125,.2325531158447266,1.8548173
DEU,Germany,1998,0,906.6051875000001,3.702840087890625,.1777166290283203,2.0961614
DEU,Germany,1999,0,870.6639375,3.597781494140625,.1718560638427734,2.1301167
DEU,Germany,2000,0,871.3846875,3.399061279296875,.1721264343261719,2.8772459
DEU,Germany,2001,0,885.4745,3.270792724609375,.164166244506836,1.636541
DEU,Germany,2002,0,869.9404375,3.148414306640625,.1607689208984375,-.22831023
DEU,Germany,2003,0,877.913,3.04694873046875,.1567918701171875,-.52992898
DEU,Germany,2004,0,863.3894375,2.923237060546875,.1548622894287109,1.1623683
DEU,Germany,2005,0,841.7480624999999,2.80760302734375,.1518691864013672,.88569725
DEU,Germany,2006,0,855.4481875,2.7189609375,.147969482421875,3.8557363
DEU,Germany,2007,0,826.597125,2.728028564453125,.1488490447998047,2.8901072
DEU,Germany,2008,0,829.9110625,2.671546630859375,.1432925415039062,.91040319
DEU,Germany,2009,0,768.132625,2.58516357421875,.1407799835205078,-5.5451646
DEU,Germany,2010,0,814.962,2.558800537109375,.1421585998535156,4.1467676
DEU,Germany,2011,0,788.121125,2.51182177734375,.1386998291015625,3.7579689
DEU,Germany,2012,0,800.032125,2.464470458984375,.139848876953125,.47429132
DEU,Germany,2013,0,817.81575,2.417938232421875,.1424062194824219,.3862246
DEU,Germany,2014,0,778.75275,2.37626708984375,.1450879669189453,2.1694989
DEU,Germany,2015,0,784.9143125000001,2.352243896484375,.14204638671875,1.6527197
DEU,Germany,2016,1,789.2489375,2.311663818359375,.1393667144775391,2.2947106
DEU,Germany,2017,1,774.4766875,2.289218994140625,.1350578460693359,2.7160246
DEU,Germany,2018,1,746.6974375,2.23631640625,.1312462158203125,1.1164432
DEU,Germany,2019,1,696.5001875,2.160742919921875,.1304796752929687,.98789334
DEU,Germany,2020,1,642.08775,2.089138671875,.1264224395751953,-4.0951376
DEU,Germany,2021,1,670.667,2.069375244140625,.123605842590332,3.6699998
DEU,Germany,2022,1,658.0885625,2.031832153320313,.1204777984619141,1.3697311
DEU,Germany,2023,1,589.659625,1.965546875,.1151813507080078,-.26643839
DEU,Germany,2024,1,579.935625,1.959735473632813,.1133805236816406,-.23852685
GBR,United Kingdom,1970,0,673.6238125,5.64771875,.1109327392578125,2.7085814
GBR,United Kingdom,1971,0,668.882875,5.6413369140625,.1118268814086914,3.5047174
GBR,United Kingdom,1972,0,657.9363125,5.28662353515625,.1141880187988281,4.3216677
GBR,United Kingdom,1973,0,690.257625,5.50573974609375,.1191940231323242,6.5238485
GBR,United Kingdom,1974,0,644.874125,5.24125,.1305005035400391,-2.4844041
GBR,United Kingdom,1975,0,623.8983125,5.40776806640625,.1458235168457031,-1.4736495
GBR,United Kingdom,1976,0,630.0506875,5.308548828125,.1587080841064453,2.9102662
GBR,United Kingdom,1977,0,638.55,5.18780126953125,.1572132263183594,2.4577506
GBR,United Kingdom,1978,0,636.7126875,5.17453662109375,.1574340362548828,4.2042603
GBR,United Kingdom,1979,0,672.8971875,5.254462890625,.1610345153808594,3.7490168
GBR,United Kingdom,1980,0,608.5570625,5.2815859375,.15426513671875,-2.0313678
GBR,United Kingdom,1981,0,589.250375,5.2546171875,.1551571960449219,-.78774387
GBR,United Kingdom,1982,0,573.33325,5.21832421875,.1576210784912109,1.9948913
GBR,United Kingdom,1983,0,566.5013750000001,5.1754326171875,.1566425323486328,4.2218561
GBR,United Kingdom,1984,0,550.2015625,4.23572705078125,.1542725219726563,2.2691052
GBR,United Kingdom,1985,0,576.790875,4.781021484375,.1511924438476563,4.1474152
GBR,United Kingdom,1986,0,590.784375,5.078705078125,.1530452423095703,3.1503406
GBR,United Kingdom,1987,0,595.436,4.9776845703125,.1467835693359375,5.3927383
GBR,United Kingdom,1988,0,593.14325,4.9405244140625,.1420110015869141,5.7324138
GBR,United Kingdom,1989,0,579.5365624999999,4.85017431640625,.1415318298339844,2.5776029
GBR,United Kingdom,1990,0,582.6078125,5.056919921875,.1357169189453125,.73375547
GBR,United Kingdom,1991,0,591.73625,5.09839306640625,.1325045776367187,-1.1031216
GBR,United Kingdom,1992,0,578.439125,4.958724609375,.1292888946533203,.4010821
GBR,United Kingdom,1993,0,562.3974375,4.7984140625,.1285283660888672,2.489831
GBR,United Kingdom,1994,0,554.878875,4.58545849609375,.1272678756713867,3.8460093
GBR,United Kingdom,1995,0,548.3394375,4.6727294921875,.1263707962036133,2.5316701
GBR,United Kingdom,1996,0,567.624,4.67219970703125,.1295924072265625,2.5819938
GBR,United Kingdom,1997,0,546.739375,4.6506201171875,.1262790145874023,4.9246483
GBR,United Kingdom,1998,0,547.4061875,4.5546494140625,.1254665832519531,3.4026582
GBR,United Kingdom,1999,0,544.007625,4.42804296875,.1291443634033203,3.0583234
GBR,United Kingdom,2000,0,551.9584374999999,4.25506689453125,.1235587539672852,4.3416343
GBR,United Kingdom,2001,0,563.115,4.1271240234375,.1180924987792969,2.5727804
GBR,United Kingdom,2002,0,547.160875,4.04433154296875,.1157240295410156,1.7956607
GBR,United Kingdom,2003,0,560.737125,3.911953125,.1155694122314453,3.1523466
GBR,United Kingdom,2004,0,561.1736875,3.762263916015625,.1140122756958008,2.4579043
GBR,United Kingdom,2005,0,559.523625,3.614808349609375,.1091380615234375,2.7326608
GBR,United Kingdom,2006,0,559.9305000000001,3.47347119140625,.1078384552001953,2.3806942
GBR,United Kingdom,2007,0,550.417625,3.34112890625,.1067061996459961,2.6248798
GBR,United Kingdom,2008,0,533.9109375,3.189843505859375,.1038809585571289,-.24879727
GBR,United Kingdom,2009,0,483.4698125,3.030520751953125,.101658332824707,-4.6205535
GBR,United Kingdom,2010,0,500.74840625,2.907693115234375,.1028871841430664,2.233315
GBR,United Kingdom,2011,0,459.206625,2.80783642578125,.1016824340820312,1.1383624
GBR,United Kingdom,2012,0,481.38978125,2.73563232421875,.1023290710449219,1.5089984
GBR,United Kingdom,2013,0,470.2196875,2.627718017578125,.1031979904174805,1.7999215
GBR,United Kingdom,2014,0,430.6573125,2.558714599609375,.1046103744506836,3.1946373
GBR,United Kingdom,2015,0,415.88475,2.486989990234375,.1044393844604492,2.2228885
GBR,United Kingdom,2016,1,391.86140625,2.438583984375,.1041363906860352,1.9217101
GBR,United Kingdom,2017,1,380.7118125,2.4137099609375,.1049148559570312,2.6565049
GBR,United Kingdom,2018,1,373.88209375,2.371733154296875,.1038605880737305,1.4051902
GBR,United Kingdom,2019,1,359.01309375,2.314104248046875,.1025600357055664,1.6244751
GBR,United Kingdom,2020,1,319.69640625,2.23101953125,.1002982711791992,-10.296919
GBR,United Kingdom,2021,1,337.91484375,2.1956318359375,.0994687423706055,8.5759506
GBR,United Kingdom,2022,1,324.99484375,2.161974853515625,.0996276550292969,4.8390851
GBR,United Kingdom,2023,1,304.786625,2.1160107421875,.0977185287475586,.39708236
GBR,United Kingdom,2024,1,292.41934375,2.0950341796875,.0966924438476563,1.1006678
IDN,Indonesia,1970,0,31.123671875,2.969123046875,.0717254180908203,7.5546346
IDN,Indonesia,1971,0,31.49612890625,3.047718505859375,.0726574096679688,7.0239973
IDN,Indonesia,1972,0,37.26337109375,3.187107666015625,.0730996627807617,7.0376434
IDN,Indonesia,1973,0,42.03331640625,3.491874267578125,.0736619644165039,8.1039753
IDN,Indonesia,1974,0,46.956609375,3.57550634765625,.0744371490478516,7.6346731
IDN,Indonesia,1975,0,48.79474609375,3.5381376953125,.0748494110107422,4.9773006
IDN,Indonesia,1976,0,52.5271328125,3.7449423828125,.0754987564086914,6.8865652
IDN,Indonesia,1977,0,71.7987109375,3.94006396484375,.0796125564575195,8.7613258
IDN,Indonesia,1978,0,84.46659375,4.031228515625,.0828957595825195,6.7670698
IDN,Indonesia,1979,0,90.91961718749999,4.0380927734375,.0855702667236328,7.3243093
IDN,Indonesia,1980,0,90.599421875,4.1636982421875,.0919043731689453,9.8800774
IDN,Indonesia,1981,0,95.65866406249999,4.29318603515625,.0961910552978516,7.9271569
IDN,Indonesia,1982,0,96.40196093749999,4.035810302734375,.0996545867919922,2.2464454
IDN,Indonesia,1983,0,95.422078125,4.28837890625,.106254508972168,4.1929674
IDN,Indonesia,1984,0,97.6447265625,4.53482177734375,.1138162841796875,6.9755278
IDN,Indonesia,1985,0,106.0383203125,4.53116552734375,.1129523773193359,2.4621437
IDN,Indonesia,1986,0,117.103609375,4.68173095703125,.1191706771850586,5.8750453
IDN,Indonesia,1987,0,120.215015625,4.660224609375,.1206126480102539,4.9259272
IDN,Indonesia,1988,0,128.6680703125,4.764083984375,.1253855514526367,5.7804985
IDN,Indonesia,1989,0,134.48484375,5.00835986328125,.1222478942871094,7.4565868
IDN,Indonesia,1990,0,161.768703125,4.90866943359375,.1286731872558594,7.2421317
IDN,Indonesia,1991,0,174.659265625,5.14628662109375,.1310765838623047,6.911983
IDN,Indonesia,1992,0,182.552453125,5.44555029296875,.1374364013671875,6.4975066
IDN,Indonesia,1993,0,199.850703125,5.516158203125,.1346864776611328,6.496408
IDN,Indonesia,1994,0,212.747484375,5.70635791015625,.1376288604736328,7.5399709
IDN,Indonesia,1995,0,239.098984375,5.78765869140625,.1441504058837891,8.2200069
IDN,Indonesia,1996,0,252.0075625,6.1177900390625,.1519251861572266,7.8181872
IDN,Indonesia,1997,0,275.5206875,6.25049072265625,.1429840087890625,4.6998787
IDN,Indonesia,1998,0,278.2434375,6.0483798828125,.15135888671875,-13.126725
IDN,Indonesia,1999,0,295.25,5.93857275390625,.1480756530761719,.79112607
IDN,Indonesia,2000,0,299.07025,5.98703466796875,.1496528015136719,4.9200678
IDN,Indonesia,2001,0,319.56203125,6.06790625,.1488707885742188,3.6434665
IDN,Indonesia,2002,0,324.938875,6.0021337890625,.1614834442138672,4.4994755
IDN,Indonesia,2003,0,353.62303125,6.051498046875,.1574382476806641,4.7803693
IDN,Indonesia,2004,0,360.1513125,6.155078125,.1651322174072266,5.0308738
IDN,Indonesia,2005,0,362.5970625,6.3003203125,.1663238372802734,5.6925712
IDN,Indonesia,2006,0,383.419375,6.686796875,.1692191467285156,5.5009518
IDN,Indonesia,2007,0,401.7934375,6.84233251953125,.1718771362304687,6.3450222
IDN,Indonesia,2008,0,397.255375,7.045287109375,.1766063537597656,6.0137038
IDN,Indonesia,2009,0,411.3490625,7.49532666015625,.1939490509033203,4.628871
IDN,Indonesia,2010,0,443.68203125,7.7095078125,.1905128631591797,6.2238541
IDN,Indonesia,2011,0,499.93621875,9.102853515625,.1971579437255859,6.1697841
IDN,Indonesia,2012,0,504.25725,9.553275390625,.206087890625,6.0300508
IDN,Indonesia,2013,0,474.965125,9.446271484375,.1967757110595703,5.5572639
IDN,Indonesia,2014,0,505.07615625,9.773039062500001,.209192611694336,5.0066686
IDN,Indonesia,2015,0,512.39725,9.47286328125,.2179212951660156,4.8763223
IDN,Indonesia,2016,1,507.0965,9.650107421874999,.2076569671630859,5.0330691
IDN,Indonesia,2017,1,535.7474375,10.3320810546875,.224853515625,5.0697861
IDN,Indonesia,2018,1,596.46925,11.411525390625,.2353706817626953,5.1742916
IDN,Indonesia,2019,1,637.5691875,11.9618134765625,.2383784484863281,5.0192876
IDN,Indonesia,2020,1,596.2839375,11.560736328125,.2280462341308594,-2.0655119
IDN,Indonesia,2021,1,622.6868125,11.6181025390625,.2314505310058594,3.7028856
IDN,Indonesia,2022,1,722.6995625,13.0092841796875,.2368298492431641,5.3071971
IDN,Indonesia,2023,1,772.5618125,13.9359287109375,.2420381011962891,5.0490232
IDN,Indonesia,2024,1,812.2041875,14.666314453125,.2420733795166016,5.0303445
IND,India,1970,0,212.796109375,16.063134765625,.2495343627929688,5.1572299
IND,India,1971,0,213.2896875,16.240009765625,.2505858154296875,1.6429304
IND,India,1972,0,221.389109375,16.2979375,.2577480773925781,-.55330133
IND,India,1973,0,220.046609375,16.59180078125,.2633338012695313,3.295521
IND,India,1974,0,235.85503125,16.734998046875,.2707439575195312,1.1853362
IND,India,1975,0,251.149,17.257400390625,.279461669921875,9.1499119
IND,India,1976,0,268.5305625,17.283064453125,.293014892578125,1.6631036
IND,India,1977,0,273.62571875,17.75348046875,.3063171997070313,7.2547646
IND,India,1978,0,268.16684375,18.013505859375,.3143297119140625,5.712532
IND,India,1979,0,288.22571875,18.026455078125,.3303526306152344,-5.2381825
IND,India,1980,0,303.5715625,18.60804296875,.3341878051757812,6.7358217
IND,India,1981,0,333.9834375,19.096603515625,.3514603271484375,6.0062037
IND,India,1982,0,351.898625,19.2729296875,.3601134033203125,3.4757333
IND,India,1983,0,374.5920625,20.056990234375,.3823175048828125,7.2888927
IND,India,1984,0,412.856375,20.365716796875,.4015657653808594,3.8207378
IND,India,1985,0,431.40625,20.73175,.4117856750488281,5.2542992
IND,India,1986,0,468.5923125,21.395962890625,.4355407409667969,4.7765641
IND,India,1987,0,501.42828125,21.59694921875,.4238743896484375,3.9653556
IND,India,1988,0,532.29275,22.64909765625,.4599141235351563,9.6277828
IND,India,1989,0,570.1184375,23.258923828125,.4680292358398437,5.9473433
IND,India,1990,0,600.6811875,21.907890625,.4806756896972657,5.5334544
IND,India,1991,0,646.3805,22.1967265625,.4972949829101562,1.0568315
IND,India,1992,0,669.656375,22.428220703125,.5128986206054688,5.4823961
IND,India,1993,0,699.74725,22.412533203125,.5256749877929687,4.7507763
IND,India,1994,0,743.849375,22.61516796875,.5461890258789063,6.6589241
IND,India,1995,0,796.4451875,22.915037109375,.558979736328125,7.574492
IND,India,1996,0,833.488375,23.140623046875,.5758187866210938,7.5495224
IND,India,1997,0,877.681,23.410669921875,.5908115844726562,4.0498209
IND,India,1998,0,900.5955625,23.51889453125,.6041646118164062,6.1844158
IND,India,1999,0,961.59425,23.687470703125,.6153036499023438,8.8457556
IND,India,2000,0,996.8909375,23.73289453125,.6030751342773437,3.8409913
IND,India,2001,0,1012.998,23.90641796875,.6131656494140625,4.8239665
IND,India,2002,0,1051.084625,23.721125,.5945313720703125,3.8039753
IND,India,2003,0,1083.014,24.105740234375,.6138220825195313,7.8603816
IND,India,2004,0,1168.0565,24.48985546875,.6366864624023437,7.9229364
IND,India,2005,0,1217.72725,25.076939453125,.6664154052734375,7.9234304
IND,India,2006,0,1299.67875,25.502544921875,.702234619140625,8.0607328
IND,India,2007,0,1415.2655,26.0763984375,.7381519165039062,7.6608152
IND,India,2008,0,1519.770375,26.548970703125,.759735595703125,3.0866981
IND,India,2009,0,1621.179625,26.48855859375,.7803261108398437,7.8618889
IND,India,2010,0,1730.054125,26.741822265625,.8094285888671875,8.4975843
IND,India,2011,0,1845.64375,27.0493984375,.8394210205078125,5.2413163
IND,India,2012,0,2015.2875,27.15417578125,.8500133666992188,5.4563875
IND,India,2013,0,2072.625625,26.3070625,.8562161254882813,6.3861065
IND,India,2014,0,2237.66475,26.566353515625,.8713919677734375,7.4102278
IND,India,2015,0,2278.2295,26.8567421875,.8850045166015625,7.996254
IND,India,2016,1,2311.977,27.144626953125,.87765771484375,8.2563057
IND,India,2017,1,2441.2015,27.310091796875,.893217041015625,6.7953835
IND,India,2018,1,2556.719,27.76098046875,.9201046142578125,6.4538512
IND,India,2019,1,2551.485,27.771841796875,.9522894897460937,3.8714368
IND,India,2020,1,2356.959,27.9986328125,.9705196533203125,-5.7777247
IND,India,2021,1,2597.93425,28.445701171875,.973951171875,9.6895924
IND,India,2022,1,2807.0805,29.141115234375,1.008338989257813,7.609365
IND,India,2023,1,3014.5225,29.99184765625,1.043365478515625,9.1907549
IND,India,2024,1,3153.82925,30.51451171875,1.069807983398438,6.4842238
IRN,"Iran, Islamic Republic of",1970,0,80.4035390625,4.3222353515625,.034534797668457,10.927602
IRN,"Iran, Islamic Republic of",1971,0,86.18971875,4.32270166015625,.0347860832214355,13.701583
IRN,"Iran, Islamic Republic of",1972,0,96.23578125,4.749505859375,.035468132019043,14.499016
IRN,"Iran, Islamic Republic of",1973,0,114.7257265625,5.43998681640625,.0371183090209961,7.4416814
IRN,"Iran, Islamic Republic of",1974,0,121.704546875,5.59102294921875,.0392131652832031,5.8010507
IRN,"Iran, Islamic Republic of",1975,0,124.104890625,5.06009130859375,.0392471885681152,-.32621625
IRN,"Iran, Islamic Republic of",1976,0,143.195265625,5.5211953125,.0411108131408691,18.260435
IRN,"Iran, Islamic Republic of",1977,0,150.158109375,5.33037890625,.0434726448059082,-2.7735777
IRN,"Iran, Islamic Republic of",1978,0,146.298125,5.02063525390625,.043289623260498,-12.840857
IRN,"Iran, Islamic Republic of",1979,0,136.29334375,3.375041015625,.0459359474182129,-12.020761
IRN,"Iran, Islamic Republic of",1980,0,116.3994375,1.98759716796875,.0456291351318359,-21.599649
IRN,"Iran, Islamic Republic of",1981,0,115.2204296875,1.8548427734375,.0494557037353516,-5.6967874
IRN,"Iran, Islamic Republic of",1982,0,141.367515625,2.50091943359375,.0517105674743652,23.171246
IRN,"Iran, Islamic Republic of",1983,0,159.66859375,2.6635927734375,.0567335739135742,11.086717
IRN,"Iran, Islamic Republic of",1984,0,157.079234375,2.510503662109375,.0565215682983398,-7.1398506
IRN,"Iran, Islamic Republic of",1985,0,167.2404375,2.61137548828125,.0588235893249512,1.8676499
IRN,"Iran, Islamic Republic of",1986,0,156.029140625,2.456845703125,.0621621170043945,-9.7849054
IRN,"Iran, Islamic Republic of",1987,0,164.9605625,2.703138916015625,.0621474952697754,-.17210768
IRN,"Iran, Islamic Republic of",1988,0,166.44965625,2.71126416015625,.0628592796325684,-6.0819964
IRN,"Iran, Islamic Republic of",1989,0,178.655453125,3.216720703125,.0715276641845703,6.1321158
IRN,"Iran, Islamic Republic of",1990,0,208.474890625,3.46230908203125,.0692804718017578,13.594927
IRN,"Iran, Islamic Republic of",1991,0,230.226703125,4.1934365234375,.0712337493896484,12.716148
IRN,"Iran, Islamic Republic of",1992,0,244.525625,4.45195556640625,.0798382797241211,3.297982
IRN,"Iran, Islamic Republic of",1993,0,243.31028125,4.50366162109375,.0740447387695312,-1.4710115
IRN,"Iran, Islamic Republic of",1994,0,277.55153125,4.650091796875,.0772324905395508,-1.6982862
IRN,"Iran, Islamic Republic of",1995,0,283.36934375,4.476693359375,.0786175231933594,2.4010446
IRN,"Iran, Islamic Republic of",1996,0,294.164875,4.70348779296875,.0820488357543945,6.3505259
IRN,"Iran, Islamic Republic of",1997,0,307.29125,4.67955908203125,.086484992980957,1.3503993
IRN,"Iran, Islamic Republic of",1998,0,307.05165625,4.168,.0890361938476563,2.0800118
IRN,"Iran, Islamic Republic of",1999,0,335.85621875,4.061037841796875,.0880288467407227,2.0026963
IRN,"Iran, Islamic Republic of",2000,0,353.93959375,4.44708740234375,.0870975723266602,5.8455276
IRN,"Iran, Islamic Republic of",2001,0,368.16390625,4.12657568359375,.0885594177246094,2.3921728
IRN,"Iran, Islamic Republic of",2002,0,384.32503125,4.10904248046875,.0879136047363281,8.0788288
IRN,"Iran, Islamic Republic of",2003,0,405.5959375,4.91814697265625,.0907051849365234,8.6392984
IRN,"Iran, Islamic Republic of",2004,0,434.97421875,4.80032666015625,.0955448913574219,4.3366661
IRN,"Iran, Islamic Republic of",2005,0,468.989875,5.0849150390625,.093853401184082,3.1898041
IRN,"Iran, Islamic Republic of",2006,0,506.048625,5.34344287109375,.099575080871582,4.9997954
IRN,"Iran, Islamic Republic of",2007,0,538.5304374999999,5.0576220703125,.0989374237060547,8.1557732
IRN,"Iran, Islamic Republic of",2008,0,555.1595625,4.996689453125,.1008707885742187,.25085655
IRN,"Iran, Islamic Republic of",2009,0,573.214625,5.060662109375,.1030681610107422,1.0073855
IRN,"Iran, Islamic Republic of",2010,0,576.7498125,5.241599609375,.1066619033813477,5.7979383
IRN,"Iran, Islamic Republic of",2011,0,585.9198125,5.24500830078125,.1034644012451172,2.6457179
IRN,"Iran, Islamic Republic of",2012,0,592.477875,4.67902197265625,.1049619903564453,-3.7471714
IRN,"Iran, Islamic Republic of",2013,0,612.6315,4.68678955078125,.102829704284668,-1.5219792
IRN,"Iran, Islamic Republic of",2014,0,636.5399375,4.38126611328125,.095421760559082,4.9847751
IRN,"Iran, Islamic Republic of",2015,0,629.4901875,4.39504248046875,.0921122589111328,-1.4248849
IRN,"Iran, Islamic Republic of",2016,1,642.3063125,5.36389599609375,.0988390960693359,8.8150864
IRN,"Iran, Islamic Republic of",2017,1,666.3808749999999,5.50007275390625,.0984111557006836,2.7585053
IRN,"Iran, Islamic Republic of",2018,1,661.4499375,5.26012744140625,.100929801940918,-1.8380076
IRN,"Iran, Islamic Republic of",2019,1,712.580375,4.673291015625,.1016572723388672,-3.0705879
IRN,"Iran, Islamic Republic of",2020,1,735.870875,4.4477255859375,.1055472869873047,3.3302884
IRN,"Iran, Islamic Republic of",2021,1,784.264625,4.89336279296875,.1105827331542969,4.7197776
IRN,"Iran, Islamic Republic of",2022,1,792.0589375,5.1204609375,.110982536315918,3.7766314
IRN,"Iran, Islamic Republic of",2023,1,816.1330625000001,5.6149658203125,.1117373886108398,5.0448904
IRN,"Iran, Islamic Republic of",2024,1,828.9895625,5.95881201171875,.1132777099609375,3.0400002
JPN,Japan,1970,0,848.7319375,3.36484228515625,.0906294403076172,.39905065
JPN,Japan,1971,0,846.4325,3.13058642578125,.0923810729980469,4.6989923
JPN,Japan,1972,0,892.9818749999999,3.033582275390625,.0954906158447266,8.4135475
JPN,Japan,1973,0,1006.604625,3.009088623046875,.0989600448608398,8.0326004
JPN,Japan,1974,0,1003.1685625,2.96656396484375,.0962931137084961,-1.2252399
JPN,Japan,1975,0,948.6596875,2.923396484375,.0913210372924805,3.0915759
JPN,Japan,1976,0,980.7120625,2.948683349609375,.0947776184082031,3.9749842
JPN,Japan,1977,0,1005.7570625,3.012245361328125,.0958881759643555,4.3903379
JPN,Japan,1978,0,1006.3521875,2.869889404296875,.0968098678588867,5.2719417
JPN,Japan,1979,0,1030.121375,2.865201904296875,.099631217956543,5.4840417
JPN,Japan,1980,0,1003.1205,2.79228466796875,.0944005508422852,2.8175912
JPN,Japan,1981,0,981.5621875000001,2.791219482421875,.0935893325805664,4.2606244
JPN,Japan,1982,0,939.737125,2.7974091796875,.099984748840332,3.2797427
JPN,Japan,1983,0,943.2210625,2.814360595703125,.1022846450805664,3.6301985
JPN,Japan,1984,0,1011.025375,2.881547607421875,.107210090637207,4.4108801
JPN,Japan,1985,0,983.4338749999999,2.88089599609375,.1096867599487305,5.1598077
JPN,Japan,1986,0,980.4563125,2.87236328125,.1081972045898437,3.2940476
JPN,Japan,1987,0,987.7603125000001,2.743232666015625,.1094775543212891,4.6488614
JPN,Japan,1988,0,1060.644375,2.707024169921875,.1161556091308594,6.6616364
JPN,Japan,1989,0,1090.47075,2.71201416015625,.117384391784668,4.9257855
JPN,Japan,1990,0,1162.28625,2.428502685546875,.1097368850708008,4.840929
JPN,Japan,1991,0,1172.03675,2.4042890625,.1118501586914063,3.5233572
JPN,Japan,1992,0,1177.372125,2.4197607421875,.1180190734863281,.90058607
JPN,Japan,1993,0,1169.827625,2.363794677734375,.1200500946044922,-.45921972
JPN,Japan,1994,0,1223.346375,2.424496337890625,.1293542022705078,1.0833832
JPN,Japan,1995,0,1233.22425,2.360319580078125,.1304065551757813,2.6309996
JPN,Japan,1996,0,1246.029,2.295593994140625,.1401491241455078,3.1338711
JPN,Japan,1997,0,1231.69675,2.2121591796875,.1388868103027344,.98122871
JPN,Japan,1998,0,1184.390375,2.108236083984375,.1402497253417969,-1.2703305
JPN,Japan,1999,0,1225.171625,2.073423583984375,.1307627410888672,-.33392996
JPN,Japan,2000,0,1243.57675,2.028169555664062,.0995535888671875,2.7646475
JPN,Japan,2001,0,1229.9895,1.979886474609375,.0977655258178711,.38610342
JPN,Japan,2002,0,1264.500875,1.958524047851562,.0953464431762695,.041962501
JPN,Japan,2003,0,1271.92675,1.928989379882813,.0940216903686523,1.5351255
JPN,Japan,2004,0,1267.044875,1.935901611328125,.0924590530395508,2.1861157
JPN,Japan,2005,0,1278.685,1.91333642578125,.0889627532958984,1.8039008
JPN,Japan,2006,0,1256.03825,1.945880737304688,.0856795349121094,1.3723501
JPN,Japan,2007,0,1291.73525,1.992376098632813,.0843845291137695,1.4839694
JPN,Japan,2008,0,1220.76525,2.008136108398438,.0795412521362305,-1.2242891
JPN,Japan,2009,0,1157.495,2.024191772460938,.0729361724853516,-5.6932364
JPN,Japan,2010,0,1217.064125,2.076528564453125,.074423210144043,4.097918
JPN,Japan,2011,0,1269.889625,1.98579931640625,.0724897918701172,.023809524
JPN,Japan,2012,0,1308.401625,1.964848754882812,.0720691223144531,1.374751
JPN,Japan,2013,0,1323.489875,1.987595581054687,.0722977066040039,2.0051003
JPN,Japan,2014,0,1273.56975,1.950284423828125,.0695570297241211,.29620552
JPN,Japan,2015,0,1232.57625,1.906989868164062,.0685378112792969,1.5606267
JPN,Japan,2016,1,1228.65375,1.89477978515625,.0676577835083008,.75382674
JPN,Japan,2017,1,1212.942375,1.889350708007812,.0680688323974609,1.6753317
JPN,Japan,2018,1,1163.12775,1.864503540039063,.0663699645996094,.64339101
JPN,Japan,2019,1,1123.813,1.84831787109375,.0657338790893555,-.4021692
JPN,Japan,2020,1,1060.226875,1.834131103515625,.0641619567871094,-4.1687646
JPN,Japan,2021,1,1080.206,1.846812133789062,.0657223815917969,2.696574
JPN,Japan,2022,1,1050.50325,1.835565795898437,.0649890823364258,.94199878
JPN,Japan,2023,1,1002.4381875,1.825535400390625,.0639052200317383,1.4750348
JPN,Japan,2024,1,972.2670000000001,1.808442138671875,.0623653602600098,.083698563
KOR,"Korea, Republic of",1970,0,62.335265625,.8410147094726562,.0177834415435791,10.052734
KOR,"Korea, Republic of",1971,0,62.98705078125,.8530970458984375,.0178461112976074,10.545513
KOR,"Korea, Republic of",1972,0,64.87399218749999,.8682178955078125,.018233341217041,7.2143607
KOR,"Korea, Republic of",1973,0,79.88604687500001,.933564208984375,.0189273014068604,14.898323
KOR,"Korea, Republic of",1974,0,84.00602343750001,1.004993530273437,.0207037506103516,9.5118351
KOR,"Korea, Republic of",1975,0,91.0784765625,1.042252563476562,.0219048194885254,7.8399334
KOR,"Korea, Republic of",1976,0,101.771921875,1.0461328125,.0192633228302002,13.221448
KOR,"Korea, Republic of",1977,0,115.8599765625,1.103618041992187,.0202872428894043,12.335982
KOR,"Korea, Republic of",1978,0,122.5008984375,1.135682983398437,.022586935043335,10.952986
KOR,"Korea, Republic of",1979,0,138.974171875,1.155580322265625,.0232868309020996,8.6712265
KOR,"Korea, Republic of",1980,0,141.43075,1.129188842773438,.0231270503997803,-1.6456877
KOR,"Korea, Republic of",1981,0,147.370109375,1.189787719726562,.0236476421356201,7.2461762
KOR,"Korea, Republic of",1982,0,147.228,1.201859375,.0219597511291504,8.3380785
KOR,"Korea, Republic of",1983,0,160.329796875,1.269365600585938,.0250039768218994,13.376175
KOR,"Korea, Republic of",1984,0,180.4676875,1.352264282226562,.0272781658172607,10.551641
KOR,"Korea, Republic of",1985,0,188.907859375,1.417867309570312,.0287908477783203,7.8388638
KOR,"Korea, Republic of",1986,0,196.7549375,1.459739868164063,.0295297737121582,11.327261
KOR,"Korea, Republic of",1987,0,202.5390625,1.443227905273438,.0300965976715088,12.723692
KOR,"Korea, Republic of",1988,0,228.659484375,1.43850634765625,.0320708122253418,11.987716
KOR,"Korea, Republic of",1989,0,240.750796875,1.389292236328125,.0315658645629883,7.0728936
KOR,"Korea, Republic of",1990,0,260.2325625,1.407176879882813,.0352073593139648,9.877552
KOR,"Korea, Republic of",1991,0,292.3609375,1.397512329101563,.0481498565673828,10.778056
KOR,"Korea, Republic of",1992,0,321.0921875,1.380390747070313,.0532961921691895,6.1986427
KOR,"Korea, Republic of",1993,0,349.6353125,1.330490112304688,.0475404319763184,6.8774743
KOR,"Korea, Republic of",1994,0,377.44978125,1.32212841796875,.0521482543945313,9.2686663
KOR,"Korea, Republic of",1995,0,407.08834375,1.315953857421875,.0547573471069336,9.6145658
KOR,"Korea, Republic of",1996,0,436.496625,1.372243041992188,.0622028732299805,7.8907032
KOR,"Korea, Republic of",1997,0,458.8626875,1.3750478515625,.0755997009277344,6.1705523
KOR,"Korea, Republic of",1998,0,393.61415625,1.319241333007813,.0653132019042969,-5.1294479
KOR,"Korea, Republic of",1999,0,430.6101875,1.292374633789062,.0656756134033203,11.466943
KOR,"Korea, Republic of",2000,0,466.403125,1.27958740234375,.0592910461425781,9.060833
KOR,"Korea, Republic of",2001,0,477.11096875,1.270749877929688,.0582701568603516,4.8523993
KOR,"Korea, Republic of",2002,0,494.470375,1.257422119140625,.0462802505493164,7.7251425
KOR,"Korea, Republic of",2003,0,502.98603125,1.250193237304688,.0456182289123535,3.1472912
KOR,"Korea, Republic of",2004,0,519.47059375,1.277128784179687,.0470762367248535,5.1973915
KOR,"Korea, Republic of",2005,0,515.97959375,1.282063110351563,.0460787239074707,4.3085427
KOR,"Korea, Republic of",2006,0,523.700875,1.304945434570312,.0440956344604492,5.2643266
KOR,"Korea, Republic of",2007,0,541.0028125,1.331673461914062,.0445559577941895,5.7995486
KOR,"Korea, Republic of",2008,0,552.3691875,1.361007080078125,.0427880630493164,3.012985
KOR,"Korea, Republic of",2009,0,556.3739375,1.38922802734375,.0432668914794922,.79269898
KOR,"Korea, Republic of",2010,0,612.9372499999999,1.408516479492187,.0464885063171387,6.8048248
KOR,"Korea, Republic of",2011,0,647.6915625,1.4012255859375,.0484334716796875,3.6856678
KOR,"Korea, Republic of",2012,0,645.2115,1.424719848632813,.048919864654541,2.4025309
KOR,"Korea, Republic of",2013,0,642.0471875,1.419921508789062,.0508421592712402,3.1647086
KOR,"Korea, Republic of",2014,0,630.5865625,1.42205615234375,.0488413505554199,3.2024539
KOR,"Korea, Republic of",2015,0,643.7993750000001,1.447773803710938,.0507859954833984,2.8091033
KOR,"Korea, Republic of",2016,1,648.8158125,1.4525,.0568268737792969,2.9468818
KOR,"Korea, Republic of",2017,1,665.2879375,1.46685498046875,.0589082412719727,3.1596358
KOR,"Korea, Republic of",2018,1,680.496,1.477109741210938,.0557173500061035,2.9074037
KOR,"Korea, Republic of",2019,1,654.9900625,1.489203125,.053265552520752,2.2439778
KOR,"Korea, Republic of",2020,1,617.34075,1.59084619140625,.0523141174316406,-.70941538
KOR,"Korea, Republic of",2021,1,638.7701875,1.648954467773438,.0540272598266602,4.3047347
KOR,"Korea, Republic of",2022,1,613.5466875,1.656778076171875,.0530647354125977,2.6126721
KOR,"Korea, Republic of",2023,1,590.365,1.592444946289062,.0506087226867676,1.3567332
RUS,Russian Federation,1990,0,2436.2695,16.2644248046875,.3915053405761719,-2.9999957
RUS,Russian Federation,1991,0,2393.5405,15.30866796875,.378043212890625,-5.0469394
RUS,Russian Federation,1992,0,2205.465,14.3137451171875,.3477053833007813,-14.531074
RUS,Russian Federation,1993,0,2012.9625,13.399865234375,.3152303771972656,-8.66854
RUS,Russian Federation,1994,0,1814.911875,12.2549365234375,.2903318481445312,-12.569756
RUS,Russian Federation,1995,0,1768.562125,11.572125,.2722459716796875,-4.1435285
RUS,Russian Federation,1996,0,1727.191375,10.9142431640625,.2588798828125,-3.7550695
RUS,Russian Federation,1997,0,1607.381125,10.373103515625,.2409661254882813,1.3999158
RUS,Russian Federation,1998,0,1613.220875,9.967358398437501,.215801040649414,-5.2999616
RUS,Russian Federation,1999,0,1660.91125,10.0339892578125,.2243807373046875,6.3999147
RUS,Russian Federation,2000,0,1681.152125,10.18018359375,.2339245758056641,10.000067
RUS,Russian Federation,2001,0,1684.27675,10.4239462890625,.2341058044433594,5.1000514
RUS,Russian Federation,2002,0,1675.29475,10.6145732421875,.2333483581542969,4.6999917
RUS,Russian Federation,2003,0,1737.252375,10.949041015625,.2298003082275391,7.2999525
RUS,Russian Federation,2004,0,1738.870375,11.1313759765625,.23099072265625,7.1999478
RUS,Russian Federation,2005,0,1739.302125,11.2435556640625,.2309409332275391,6.3999653
RUS,Russian Federation,2006,0,1776.196875,11.3689482421875,.2320638275146484,8.2000685
RUS,Russian Federation,2007,0,1779.046,11.6504111328125,.2399964752197266,8.4999781
RUS,Russian Federation,2008,0,1764.3555,11.7578173828125,.2493835906982422,5.1999693
RUS,Russian Federation,2009,0,1662.101625,11.5387744140625,.2515423736572265,-7.799994
RUS,Russian Federation,2010,0,1746.89675,12.041583984375,.2466144409179687,4.5
RUS,Russian Federation,2011,0,1832.612375,12.220482421875,.25939404296875,4.3000293
RUS,Russian Federation,2012,0,1819.802,12.68378515625,.2549553070068359,4.024086
RUS,Russian Federation,2013,0,1764.247125,12.7680146484375,.2556278686523438,1.7554221
RUS,Russian Federation,2014,0,1750.198875,12.92769140625,.2597802734375,.73626721
RUS,Russian Federation,2015,0,1757.113875,13.1812646484375,.2697332763671875,-1.9727192
RUS,Russian Federation,2016,1,1734.63825,13.4593544921875,.2765178527832031,.19369008
RUS,Russian Federation,2017,1,1763.240125,13.8378046875,.2748880615234375,1.82579
RUS,Russian Federation,2018,1,1831.13275,14.2671298828125,.2833715515136719,2.8072455
RUS,Russian Federation,2019,1,1858.002,14.5383369140625,.2916012573242188,2.1980758
RUS,Russian Federation,2020,1,1784.199125,14.11044140625,.2989899291992187,-2.6536546
RUS,Russian Federation,2021,1,1938.4595,14.6320400390625,.3000675964355469,5.8664918
RUS,Russian Federation,2022,1,1895.472875,14.518603515625,.3140303344726563,-1.4358821
RUS,Russian Federation,2023,1,1948.302375,14.387236328125,.3209304809570313,4.0825248
RUS,Russian Federation,2024,1,2009.154125,14.264326171875,.3303078308105469,4.3443747
SAU,Saudi Arabia,1970,0,52.00829296875,1.077537475585937,.0033687896728516,52.592094
SAU,Saudi Arabia,1971,0,63.1357578125,1.088557373046875,.0036479303836823,15.229107
SAU,Saudi Arabia,1972,0,80.94193749999999,1.352993530273437,.0040422005653381,18.785118
SAU,Saudi Arabia,1973,0,108.3174375,1.685645385742188,.0047588605880737,22.495102
SAU,Saudi Arabia,1974,0,113.6128046875,1.882874633789063,.0051821918487549,16.099676
SAU,Saudi Arabia,1975,0,94.0538359375,1.610230102539062,.0051376976966858,-5.4881616
SAU,Saudi Arabia,1976,0,115.76984375,1.93931689453125,.0059180645942688,15.223557
SAU,Saudi Arabia,1977,0,124.525640625,2.07291796875,.0064971013069153,5.8913832
SAU,Saudi Arabia,1978,0,132.47896875,1.933599365234375,.007514431476593,.17237571
SAU,Saudi Arabia,1979,0,156.7764375,2.18939306640625,.008645489692688,10.963915
SAU,Saudi Arabia,1980,0,192.726796875,2.344923583984375,.0098245983123779,5.7976112
SAU,Saudi Arabia,1981,0,179.188984375,2.34011572265625,.0103147954940796,2.9827447
SAU,Saudi Arabia,1982,0,183.097359375,1.676350830078125,.0115794439315796,-16.109091
SAU,Saudi Arabia,1983,0,182.07375,1.399181518554687,.0140458698272705,-10.993441
SAU,Saudi Arabia,1984,0,136.73503125,1.353196655273438,.0143307256698608,-4.0075045
SAU,Saudi Arabia,1985,0,135.66546875,1.127671875,.014901554107666,-7.2118044
SAU,Saudi Arabia,1986,0,135.846671875,1.488863525390625,.0153019142150879,1.0081527
SAU,Saudi Arabia,1987,0,147.242296875,1.36247607421875,.016920093536377,-3.1330333
SAU,Saudi Arabia,1988,0,159.35621875,1.563589477539062,.0174732761383057,6.6003413
SAU,Saudi Arabia,1989,0,160.54746875,1.575865966796875,.0178782196044922,.41519344
SAU,Saudi Arabia,1990,0,173.90234375,1.8683642578125,.019152494430542,9.4260988
SAU,Saudi Arabia,1991,0,177.62553125,2.25065771484375,.0198581390380859,8.2207708
SAU,Saudi Arabia,1992,0,190.973109375,2.31875732421875,.0205994491577148,4.5805821
SAU,Saudi Arabia,1993,0,201.09021875,2.33014306640625,.0205697269439697,.37983593
SAU,Saudi Arabia,1994,0,218.763234375,2.314414794921875,.0204151058197021,.95296597
SAU,Saudi Arabia,1995,0,217.159515625,2.26659912109375,.0193949203491211,.31170803
SAU,Saudi Arabia,1996,0,230.520359375,2.36217822265625,.0209366588592529,3.3046825
SAU,Saudi Arabia,1997,0,233.216796875,2.44091259765625,.0225169200897217,2.6473193
SAU,Saudi Arabia,1998,0,249.50278125,2.416749755859375,.022424352645874,2.8038118
SAU,Saudi Arabia,1999,0,254.317453125,2.257451171875,.0229364280700684,-.63339365
SAU,Saudi Arabia,2000,0,265.2401875,2.4499013671875,.0221062316894531,4.7181344
SAU,Saudi Arabia,2001,0,275.7906875,2.426359375,.0229698677062988,.3445932
SAU,Saudi Arabia,2002,0,293.72325,2.35010009765625,.0234331092834473,-.68839014
SAU,Saudi Arabia,2003,0,308.32709375,2.68134375,.0239787349700928,8.768734
SAU,Saudi Arabia,2004,0,327.01921875,2.71890283203125,.0248715171813965,8.6310053
SAU,Saudi Arabia,2005,0,346.38371875,2.895443359375,.024533483505249,5.9448962
SAU,Saudi Arabia,2006,0,366.74346875,2.968767333984375,.0250513916015625,3.3134847
SAU,Saudi Arabia,2007,0,387.87978125,2.961482421875,.026495210647583,2.213654
SAU,Saudi Arabia,2008,0,420.49325,3.06899853515625,.0254584255218506,6.2379875
SAU,Saudi Arabia,2009,0,444.02009375,2.914084716796875,.0255752258300781,-1.0667171
SAU,Saudi Arabia,2010,0,486.877,2.965512939453125,.0275998878479004,5.039515
SAU,Saudi Arabia,2011,0,509.21496875,3.228859375,.0297510433197021,11.758857
SAU,Saudi Arabia,2012,0,539.3426875,3.379749267578125,.0312008152008057,5.7615075
SAU,Saudi Arabia,2013,0,547.196375,3.38059619140625,.0317077484130859,2.9456999
SAU,Saudi Arabia,2014,0,585.9277499999999,3.442279541015625,.0324985504150391,4.0246406
SAU,Saudi Arabia,2015,0,611.4483125,3.5609765625,.0333687553405762,4.6551232
SAU,Saudi Arabia,2016,1,609.509875,3.660548583984375,.0332956848144531,1.7040746
SAU,Saudi Arabia,2017,1,603.3294375,3.60154931640625,.0321737327575684,1.1820799
SAU,Saudi Arabia,2018,1,580.0429375,3.701062744140625,.032344612121582,3.2269509
SAU,Saudi Arabia,2019,1,579.80875,3.636599365234375,.0323379783630371,1.6515636
SAU,Saudi Arabia,2020,1,577.1045,3.657612060546875,.03381689453125,-3.8047647
SAU,Saudi Arabia,2021,1,590.321,3.662781982421875,.0355222930908203,6.5195971
SAU,Saudi Arabia,2022,1,620.43075,4.068958984375,.0378708038330078,12.000587
SAU,Saudi Arabia,2023,1,635.4338125,3.8927861328125,.0374524116516113,.54259247
SAU,Saudi Arabia,2024,1,652.5110625,3.874499267578125,.0386962699890137,1.8079551
USA,United States,1970,0,4594.806,30.32074609375,.9547850952148438,.18461937
USA,United States,1971,0,4459.673,30.601712890625,.9589976806640625,3.2927225
USA,United States,1972,0,4710.542,31.049935546875,.9736028442382813,5.2555017
USA,United States,1973,0,4896.621,31.11179296875,.998095947265625,5.64568
USA,United States,1974,0,4727.4675,30.991859375,.9654426879882813,-.54055017
USA,United States,1975,0,4515.413,30.858107421875,.9778106079101563,-.20561919
USA,United States,1976,0,4815.8055,30.743673828125,1.023163513183594,5.3880339
USA,United States,1977,0,4979.9935,30.491720703125,1.004460388183594,4.6241865
USA,United States,1978,0,4969.841,30.39241015625,1.018307189941406,5.5352063
USA,United States,1979,0,5006.682,31.268986328125,1.010696838378906,3.1659882
USA,United States,1980,0,4780.1925,31.740111328125,.9628138427734375,-.25677574
USA,United States,1981,0,4709.0045,31.747779296875,.9396054077148438,2.5377014
USA,United States,1982,0,4464.815,31.577515625,.8815057983398438,-1.8030138
USA,United States,1983,0,4448.8295,30.563048828125,.9203402099609375,4.5837908
USA,United States,1984,0,4654.6275,31.13714453125,.9221409912109375,7.2364531
USA,United States,1985,0,4680.8535,30.92551171875,.8885115356445312,4.1695752
USA,United States,1986,0,4643.3365,30.6509453125,.8807029418945312,3.4626551
USA,United States,1987,0,4800.694,30.740375,.8775919799804688,3.4546297
USA,United States,1988,0,5021.186,30.776931640625,.8693211059570313,4.1769824
USA,United States,1989,0,5078.8425,30.587353515625,.878531982421875,3.6722379
USA,United States,1990,0,4983.6035,30.174185546875,.8427262573242188,1.8859656
USA,United States,1991,0,4939.0305,29.953875,.8317386474609375,-.10831288
USA,United States,1992,0,5016.988,30.028671875,.8566635131835938,3.5224972
USA,United States,1993,0,5135.577,29.80716015625,.87149169921875,2.7517958
USA,United States,1994,0,5217.8955,30.22751953125,.8912335205078125,4.0290227
USA,United States,1995,0,5271.465,29.913037109375,.9006734619140625,2.6844308
USA,United States,1996,0,5426.4745,29.8367265625,.9211681518554687,3.7727728
USA,United States,1997,0,5699.5175,29.8728046875,.9195946044921876,4.4471278
USA,United States,1998,0,5744.8765,29.330236328125,.9161090698242188,4.4831333
USA,United States,1999,0,5761.8715,28.92072265625,.909924072265625,4.788425
USA,United States,2000,0,5928.7615,28.6368671875,.9068745727539063,4.0775857
USA,United States,2001,0,5877.6295,28.684314453125,.8920355224609375,.95553833
USA,United States,2002,0,5726.7265,28.29476171875,.8746920166015625,1.7004473
USA,United States,2003,0,5792.9235,28.478626953125,.8926997680664063,2.7956059
USA,United States,2004,0,5879.987,28.658732421875,.8906574096679688,3.8477716
USA,United States,2005,0,5888.1655,28.515525390625,.88511767578125,3.4835498
USA,United States,2006,0,5790.008,28.722412109375,.8986785278320313,2.7845397
USA,United States,2007,0,5872.7015,28.78725390625,.8991521606445313,2.0038583
USA,United States,2008,0,5689.2645,29.09792578125,.8601928100585937,.11358725
USA,United States,2009,0,5273.115,28.199099609375,.84256787109375,-2.5765002
USA,United States,2010,0,5521.4995,28.350232421875,.8685424194335938,2.6951926
USA,United States,2011,0,5307.629,28.433173828125,.8642603759765625,1.5644069
USA,United States,2012,0,5087.711,28.220349609375,.8441331787109375,2.2891133
USA,United States,2013,0,5224.709,28.102576171875,.8601019897460938,2.11783
USA,United States,2014,0,5243.772,28.692185546875,.855059814453125,2.5238199
USA,United States,2015,0,5132.984,28.3378515625,.8414386596679687,2.9455504
USA,United States,2016,1,5028.952,27.53419921875,.8502583618164062,1.8194515
USA,United States,2017,1,4959.458,28.127376953125,.8380016479492187,2.4576223
USA,United States,2018,1,5118.3745,29.1232890625,.8357131958007813,2.9665051
USA,United States,2019,1,4967.912,29.9508203125,.8300180053710937,2.5838253
USA,United States,2020,1,4466.8765,28.517935546875,.8117708129882812,-2.1630292
USA,United States,2021,1,4754.3785,28.5437265625,.8150360717773437,6.0550528
USA,United States,2022,1,4815.7665,28.6563984375,.8262557373046875,2.5123754
USA,United States,2023,1,4618.2675,29.06450390625,.8120739135742188,2.8875561
USA,United States,2024,1,4632.165,29.123427734375,.8135963134765625,2.7961903
